-- Drite Guide Supabase seed data
-- Generated for local Supabase setup.

insert into public.categories (id, name, image_path)
values
  ('e6824119-d2e0-5bd2-b958-6a3fb36583c8', 'Hotels', 'assets/catimg/hotels.jpg'),
  ('fbca3283-45f7-5a29-8e55-ee3be297477f', 'Restaurants', 'assets/catimg/restaurant.jpg'),
  ('23882296-3b18-5539-9ed6-9bb6709234a9', 'Beaches', 'assets/catimg/beaches.jpg'),
  ('e34ebcf6-2001-55df-8336-237fc4483348', 'Bars', 'assets/catimg/bars.jpg'),
  ('b9267cf1-9f08-5ac8-a049-a54c35347df6', 'Cafes', 'assets/catimg/cafe.jpg'),
  ('b8ef6b21-9e9a-5074-9902-77edceccd86d', 'Historical Sites', 'assets/catimg/historical.jpg'),
  ('80b7f9f2-c455-52c5-8c40-cefda6679de7', 'Hidden Gems', 'assets/catimg/hiddengems.jpg'),
  ('2111d688-05fd-5524-854b-94958b177a06', 'Government Help', 'assets/catimg/governmentservices.jpg'),
  ('ae2267c8-f0be-5e4e-8ec5-aa85f3bb7b9a', 'Religious Sites', 'assets/catimg/religious.jpg')
on conflict (id) do update set name = excluded.name, image_path = excluded.image_path, updated_at = excluded.updated_at;

insert into public.cities (id, city_name, image_path, hero_image_path, location_text, latitude, longitude, description, is_featured)
values
  ('e3488694-877f-5251-957c-012c5861bd48', 'Tirana', 'assets/cities/tirana.jpg', 'assets/cities/tirana.jpg', 'Tirana, Albania', 41.3275, 19.8187, 'Albania''s lively capital with cafes, culture, nightlife and city escapes.', true),
  ('496711fb-97d5-57ce-b84d-e55c5e246596', 'Shkodër', 'assets/cities/shkoder.jpg', 'assets/cities/shkoder.jpg', 'Shkoder, Albania', 42.0683, 19.5126, 'Historic northern city known for its culture, cycling and proximity to the Albanian Alps.', false),
  ('25e9b92a-29f0-5d3d-8588-d6b6e2522ab3', 'Vlorë', 'assets/cities/vlore.jpg', 'assets/cities/vlore.jpg', 'Vlore, Albania', 40.4661, 19.4914, 'A coastal gateway where the Adriatic meets the Ionian Sea.', false),
  ('b24062e9-f470-58b4-8147-c249fb8eca01', 'Durrës', 'assets/cities/durres.jpg', 'assets/cities/durres.jpg', 'Durres, Albania', 41.3231, 19.4414, 'A seaside city with long beaches, Roman history and easy access from Tirana.', false),
  ('41a62081-dbce-5283-84bf-8cb1437b7c0a', 'Ksamil', 'assets/cities/ksamil.jpg', 'assets/cities/ksamil.jpg', 'Ksamil, Albania', 39.7683, 20.0012, 'A famous southern beach destination with turquoise water and small islands.', true),
  ('1a84430f-86e2-5de0-968b-7a0952564bb6', 'Dhërmi', 'assets/cities/dhermi.jpg', 'assets/cities/dhermi.jpg', 'Dhermi, Albania', 40.1492, 19.6388, 'A Riviera hotspot known for beaches, nightlife and scenic mountain roads.', false),
  ('4f342e31-9e45-587f-b827-79e3564fd79f', 'Lin', 'assets/cities/lin.jpg', 'assets/cities/lin.jpg', 'Lin, Albania', 41.0658, 20.6447, 'A peaceful village on Lake Ohrid with quiet waterfront views.', false),
  ('1dddd9ba-9c18-521e-868c-170fedd24bb8', 'Theth', 'assets/cities/theth.jpg', 'assets/cities/theth.jpg', 'Theth, Albania', 42.3959, 19.7746, 'A mountain village famous for hiking, alpine landscapes and traditional guesthouses.', false),
  ('6b126505-f5eb-5b0b-a735-3b885044a214', 'Gjirokaster', 'assets/cities/gjirokaster.jpg', 'assets/cities/gjirokaster.jpg', 'Gjirokaster, Albania', 40.0758, 20.1389, 'A UNESCO stone city with Ottoman-era architecture and castle views.', false),
  ('19304eb7-3a5e-50c6-8f16-a31608780315', 'Korca', 'assets/cities/korca.jpg', 'assets/cities/korca.jpg', 'Korca, Albania', 40.6186, 20.7808, 'A southeastern cultural center known for food, serenades and a relaxed city rhythm.', false),
  ('4b28a18b-b034-53e8-9325-d76d23ef3f23', 'Berat', 'assets/cities/berat.jpg', 'assets/cities/berat.jpg', 'Berat, Albania', 40.7058, 19.9522, 'The city of a thousand windows with layered history and riverside charm.', true),
  ('ce7fde19-b207-53d8-87b7-432365988e37', 'Lezhe', 'assets/cities/lezhe.jpg', 'assets/cities/lezhe.jpg', 'Lezhe, Albania', 41.7861, 19.6461, 'A northern city that connects inland landmarks with nearby beaches and lagoons.', false),
  ('041971da-6245-5125-b260-d1af8dc29e6a', 'Shengjin', 'assets/cities/lezhe.jpg', 'assets/cities/lezhe.jpg', 'Shengjin, Albania', 41.8131, 19.5938, 'A growing beach destination on the northern coast.', false),
  ('fd52911b-d5c1-594d-8b07-0ccd0a6d7407', 'Velipoje', 'assets/cities/lezhe.jpg', 'assets/cities/lezhe.jpg', 'Velipoje, Albania', 41.8632, 19.4184, 'A wide sandy beach area near natural reserves and the Montenegro border.', false),
  ('49f1b51a-a50e-58f4-ab71-41ff72e59f71', 'Saranda', 'assets/cities/lezhe.jpg', 'assets/cities/lezhe.jpg', 'Saranda, Albania', 39.8756, 20.0049, 'A sunny Ionian city popular for beaches, promenades and day trips to the south.', true),
  ('c4866821-dcf6-5ef7-84eb-44de64c119b1', 'Kruja', 'assets/cities/kruja.jpg', 'assets/cities/kruja.jpg', 'Kruja, Albania', 41.5092, 19.792, 'A hillside historic town known for Skanderbeg, its bazaar and castle.', false),
  ('b29a8239-710e-5c6b-8b70-9da8a3dcdacd', 'Himare', 'assets/cities/lezhe.jpg', 'assets/cities/lezhe.jpg', 'Himare, Albania', 40.101, 19.7447, 'A Riviera base for beautiful beaches, bays and laid-back coastal life.', false)
on conflict (id) do update set city_name = excluded.city_name, image_path = excluded.image_path, hero_image_path = excluded.hero_image_path, location_text = excluded.location_text, latitude = excluded.latitude, longitude = excluded.longitude, description = excluded.description, is_featured = excluded.is_featured, updated_at = excluded.updated_at;

insert into public.places (id, category_id, city_id, name, description, address, google_maps_link, latitude, longitude, main_image_path, phone, website, rating_average, ratings_count)
values
  ('580e4e7c-ee6e-5e7e-ae0e-63dce9c81bd2', 'fbca3283-45f7-5a29-8e55-ee3be297477f', 'e3488694-877f-5251-957c-012c5861bd48', 'Mullixhiu', 'Mullixhiu offers a modern take on traditional Albanian cuisine, using locally sourced ingredients and seasonal recipes. A must-visit spot in Tirana for an authentic and refined food experience.', 'Shëtitorja Lasgush Poradeci Hyrja e Parkut tek Diga e Liqenit Artificial Tirana, 1019, Albania', 'https://maps.app.goo.gl/J4czqMo29H14oVgT6', 41.320123, 19.830456, 'assets/place/mullixhiu/mullixhiu1.png', '+355696660444', null, 4.1, 1),
  ('b9b555da-2ecc-5108-9884-3ce6fcc766f0', 'fbca3283-45f7-5a29-8e55-ee3be297477f', 'e3488694-877f-5251-957c-012c5861bd48', 'Oda Garden', 'A cozy garden restaurant offering traditional Albanian dishes made with fresh, locally sourced ingredients, delivering an authentic and refined dining experience.', 'Rruga Shenasi Dishnica, Tiranë, Albania', 'https://maps.app.goo.gl/sFxb8W921Ka2JdLw7', 41.32959, 19.82448, 'assets/place/odagardenrest/oda1.png', '+355692040145', null, 4.6, 1),
  ('1c34209c-a74f-5577-9153-74598f625d79', 'b9267cf1-9f08-5ac8-a049-a54c35347df6', 'e3488694-877f-5251-957c-012c5861bd48', 'Komiteti Café Museum', 'Unique café with Albanian culture and great coffee. and alcohol ;)', 'Rruga Papa Gjon Pali II, Tiranë, Albania', 'https://maps.app.goo.gl/Gp2FtWZGXnsfk4kh6', 41.32332, 19.82253, 'assets/place/komitetica/komitetica1.png', '+355694452772', null, 4.4, 1),
  ('fd768af6-a9a0-5332-8bdd-c44c58dd22d4', 'e34ebcf6-2001-55df-8336-237fc4483348', 'e3488694-877f-5251-957c-012c5861bd48', 'Radio Bar', 'Popular cocktail bar in Blloku with a lively atmosphere.', 'Rruga Ismail Qemali 1, Tiranë 1000, Albania', 'https://maps.app.goo.gl/xc6mLRfjP7tgd2bq5', 41.32019, 19.81497, 'assets/place/radiobar/radiobar1.png', null, 'radiobar.al', 4.6, 1),
  ('c3c53273-afdd-5875-8f8a-2a17b0018666', 'e6824119-d2e0-5bd2-b958-6a3fb36583c8', 'e3488694-877f-5251-957c-012c5861bd48', 'Maritim Hotel Plaza', 'Experience refined comfort in the heart of Tirana, where this luxury hotel combines elegant design, high-end amenities, and a prime central location.', 'Rruga Abdi Toptani 18, Tiranë 1001, Albania', 'https://maps.app.goo.gl/6kiWxYfWbbj1gtYd9', 41.32768, 19.82154, 'assets/place/plazahotl/plaza1.png', '+35542211221', null, 4.8, 1),
  ('fb47f4a6-d99a-50c1-8e1a-b364cf7114ee', 'e6824119-d2e0-5bd2-b958-6a3fb36583c8', 'e3488694-877f-5251-957c-012c5861bd48', 'Rogner Hotel Tirana', 'Elegant hotel with a large garden and pool area.', 'Address not provided', 'https://maps.google.com', 41.3192, 19.8162, 'assets/place/placeholder.jpg', null, null, 4.6, 1),
  ('73fe1e4e-c259-5606-9e03-baed700a7d23', 'fbca3283-45f7-5a29-8e55-ee3be297477f', '496711fb-97d5-57ce-b84d-e55c5e246596', 'Tradita Geg & Tosk', 'Authentic Albanian cuisine in a traditional house.', 'Address not provided', 'https://maps.google.com', 42.0677, 19.5124, 'assets/place/placeholder.jpg', null, null, 4.9, 1),
  ('02a74131-f2eb-5cfd-a9b1-b79640b49348', 'b9267cf1-9f08-5ac8-a049-a54c35347df6', '496711fb-97d5-57ce-b84d-e55c5e246596', 'Pasta e Vino', 'Relaxed café with great coffee and desserts.', 'Address not provided', 'https://maps.google.com', 42.0689, 19.5137, 'assets/place/placeholder.jpg', null, null, 4.6, 1),
  ('903f4b20-913a-55ea-acea-9c0c62fe72fe', 'e34ebcf6-2001-55df-8336-237fc4483348', '496711fb-97d5-57ce-b84d-e55c5e246596', 'San Francisco Bar', 'Casual bar with music and drinks.', 'Address not provided', 'https://maps.google.com', 42.0697, 19.5119, 'assets/place/placeholder.jpg', null, null, 4.5, 1),
  ('b81d33fd-960a-5055-b6bd-1f153ce36a12', 'e6824119-d2e0-5bd2-b958-6a3fb36583c8', '496711fb-97d5-57ce-b84d-e55c5e246596', 'Hotel Colosseo', 'Elegant hotel in the city center.', 'Address not provided', 'https://maps.google.com', 42.067585, 19.514582, 'assets/place/placeholder.jpg', null, null, 4.7, 1),
  ('d40025bc-7cf2-5c51-a930-abd902718ecd', 'fbca3283-45f7-5a29-8e55-ee3be297477f', '25e9b92a-29f0-5d3d-8588-d6b6e2522ab3', 'Solem Restaurant', 'Seafood restaurant with a beautiful sea view.', 'Address not provided', 'https://maps.google.com', 40.4418, 19.4897, 'assets/place/placeholder.jpg', null, null, 4.7, 1),
  ('a828b925-d0aa-5bdc-a4cb-52d9bff684eb', 'b9267cf1-9f08-5ac8-a049-a54c35347df6', '25e9b92a-29f0-5d3d-8588-d6b6e2522ab3', 'Lungo Mare Café', 'Perfect place for coffee by the promenade.', 'Address not provided', 'https://maps.google.com', 40.4387, 19.4945, 'assets/place/placeholder.jpg', null, null, 4.5, 1),
  ('be4af314-1574-574f-8106-81f53fb67dbe', 'e6824119-d2e0-5bd2-b958-6a3fb36583c8', '25e9b92a-29f0-5d3d-8588-d6b6e2522ab3', 'Hotel Liro', 'Cliffside hotel with direct sea access.', 'Address not provided', 'https://maps.google.com', 40.4136, 19.4899, 'assets/place/placeholder.jpg', null, null, 4.5, 1),
  ('3dc0fdff-eddc-5f25-aa58-870ddda4d357', 'e6824119-d2e0-5bd2-b958-6a3fb36583c8', '25e9b92a-29f0-5d3d-8588-d6b6e2522ab3', 'Regina City Hotel', 'Modern hotel near the promenade with rooftop pool.', 'Address not provided', 'https://maps.google.com', 40.4389, 19.4942, 'assets/place/placeholder.jpg', null, null, 4.4, 1),
  ('b19a7d95-0b3f-5ea6-a23c-5f6f9c43953e', 'e34ebcf6-2001-55df-8336-237fc4483348', '25e9b92a-29f0-5d3d-8588-d6b6e2522ab3', 'Sky Lounge Vlora', 'Rooftop bar with stunning sunset views.', 'Address not provided', 'https://maps.google.com', 40.4409, 19.4939, 'assets/place/placeholder.jpg', null, null, 4.6, 1),
  ('5a5a257a-9013-589d-b9db-e5e2dbe387a0', 'e6824119-d2e0-5bd2-b958-6a3fb36583c8', '25e9b92a-29f0-5d3d-8588-d6b6e2522ab3', 'Hotel Partner', 'Modern hotel close to the beach.', 'Address not provided', 'https://maps.google.com', 40.45455, 19.48766, 'assets/place/placeholder.jpg', null, null, 4.6, 1),
  ('676d3697-bd64-5691-8027-87579060a0f1', '23882296-3b18-5539-9ed6-9bb6709234a9', '25e9b92a-29f0-5d3d-8588-d6b6e2522ab3', 'Radhimë Beach', 'Clear waters and a calm atmosphere just outside Vlore.', 'Address not provided', 'https://maps.google.com', 40.3626, 19.4796, 'assets/place/placeholder.jpg', null, null, 4.5, 1),
  ('fa5569b4-90e6-5cce-8524-78dc9de66119', '23882296-3b18-5539-9ed6-9bb6709234a9', '25e9b92a-29f0-5d3d-8588-d6b6e2522ab3', 'Orikum Beach', 'Wide beach with a mix of sand and pebbles.', 'Address not provided', 'https://maps.google.com', 40.3256, 19.4718, 'assets/place/placeholder.jpg', null, null, 4.4, 1),
  ('d127ea2f-31d1-5290-8240-372181a4e882', 'fbca3283-45f7-5a29-8e55-ee3be297477f', 'b24062e9-f470-58b4-8147-c249fb8eca01', 'Spaghetteria Luli', 'Italian-style restaurant with fresh seafood.', 'Address not provided', 'https://maps.google.com', 41.3112, 19.4408, 'assets/place/placeholder.jpg', null, null, 4.7, 1),
  ('049903ea-6a64-563c-85cd-b1cd409aa877', 'b9267cf1-9f08-5ac8-a049-a54c35347df6', 'b24062e9-f470-58b4-8147-c249fb8eca01', 'Café del Mar', 'Beachside café with relaxed vibes.', 'Address not provided', 'https://maps.google.com', 41.3094, 19.4782, 'assets/place/placeholder.jpg', null, null, 4.5, 1),
  ('e824290b-13cb-50d3-b2b6-f0cce5a99489', 'e34ebcf6-2001-55df-8336-237fc4483348', 'b24062e9-f470-58b4-8147-c249fb8eca01', 'Cinco Cavalli', 'Trendy beach bar with cocktails.', 'Address not provided', 'https://maps.google.com', 41.2921, 19.5106, 'assets/place/placeholder.jpg', null, null, 4.6, 1),
  ('581e75b3-26c1-5c42-bd78-88bf49adf838', 'e6824119-d2e0-5bd2-b958-6a3fb36583c8', 'b24062e9-f470-58b4-8147-c249fb8eca01', 'Adriatik Hotel', 'Classic beachfront hotel with private beach.', 'Address not provided', 'https://maps.google.com', 41.3037, 19.4825, 'assets/place/placeholder.jpg', null, null, 4.6, 1),
  ('dcef1ecd-2f1c-5405-ab8d-d0f2b3d22d55', 'e6824119-d2e0-5bd2-b958-6a3fb36583c8', 'b24062e9-f470-58b4-8147-c249fb8eca01', 'Palace Hotel & Spa', 'Luxury hotel with spa and sea views.', 'Address not provided', 'https://maps.google.com', 41.31389, 19.47389, 'assets/place/placeholder.jpg', null, null, 4.5, 1),
  ('86554aaa-d64b-53ac-a955-c9314a1c7e65', 'e6824119-d2e0-5bd2-b958-6a3fb36583c8', '041971da-6245-5125-b260-d1af8dc29e6a', 'Hotel Frojd', 'Comfortable hotel near the beach in Shengjin.', 'Address not provided', 'https://maps.google.com', 41.8139, 19.5931, 'assets/place/placeholder.jpg', null, null, 4.3, 1),
  ('f08edf98-fdb9-57ba-b5d1-83a48975be84', '23882296-3b18-5539-9ed6-9bb6709234a9', 'b24062e9-f470-58b4-8147-c249fb8eca01', 'Durrës Beach', 'The largest beach in Albania with many resorts and restaurants.', 'Address not provided', 'https://maps.google.com', 41.3133, 19.4562, 'assets/place/placeholder.jpg', null, null, 4.2, 1),
  ('721b9d0e-10e3-5c3a-9873-b714ce53463c', '23882296-3b18-5539-9ed6-9bb6709234a9', 'b24062e9-f470-58b4-8147-c249fb8eca01', 'Golem Beach', 'Popular sandy beach with hotels and nightlife.', 'Address not provided', 'https://maps.google.com', 41.2458, 19.5217, 'assets/place/placeholder.jpg', null, null, 4.3, 1),
  ('0668eef6-271a-5365-9e10-cdb4554f0df6', '23882296-3b18-5539-9ed6-9bb6709234a9', '041971da-6245-5125-b260-d1af8dc29e6a', 'Shëngjin Beach', 'Relaxed beach with growing tourism infrastructure.', 'Address not provided', 'https://maps.google.com', 41.8131, 19.5938, 'assets/place/placeholder.jpg', null, null, 4.4, 1),
  ('cacee901-5c1d-5b46-9263-04acd075d1d9', '23882296-3b18-5539-9ed6-9bb6709234a9', 'fd52911b-d5c1-594d-8b07-0ccd0a6d7407', 'Velipojë Beach', 'Wide sandy beach surrounded by nature.', 'Address not provided', 'https://maps.google.com', 41.8624, 19.4185, 'assets/place/placeholder.jpg', null, null, 4.3, 1),
  ('c1471ed6-4875-5e7f-8e46-37db87627040', 'fbca3283-45f7-5a29-8e55-ee3be297477f', '41a62081-dbce-5283-84bf-8cb1437b7c0a', 'Guva Restaurant', 'Famous seafood restaurant near the beach.', 'Address not provided', 'https://maps.google.com', 39.7688, 20.0025, 'assets/place/placeholder.jpg', null, null, 4.8, 1),
  ('f79974cc-d208-57de-817c-bbf3eb4ee2f5', 'b9267cf1-9f08-5ac8-a049-a54c35347df6', '41a62081-dbce-5283-84bf-8cb1437b7c0a', 'Island Café', 'Chill café with sea view.', 'Address not provided', 'https://maps.google.com', 39.7682, 20.0018, 'assets/place/placeholder.jpg', null, null, 4.6, 1),
  ('0459a6bd-aa2a-528b-b884-04484e3c374e', 'e34ebcf6-2001-55df-8336-237fc4483348', '41a62081-dbce-5283-84bf-8cb1437b7c0a', 'Bianco Lounge Bar', 'Beach bar with music and cocktails.', 'Address not provided', 'https://maps.google.com', 39.7686, 20.0034, 'assets/place/placeholder.jpg', null, null, 4.7, 1),
  ('6e6dcde9-1b24-5e5e-ba37-538f3f20e82c', 'e6824119-d2e0-5bd2-b958-6a3fb36583c8', '41a62081-dbce-5283-84bf-8cb1437b7c0a', 'Hotel Luxury Ksamil', 'Modern hotel close to the beach.', 'Address not provided', 'https://maps.google.com', 39.7699, 20.0027, 'assets/place/placeholder.jpg', null, null, 4.5, 1),
  ('a2f8d626-9ab3-5710-b60d-47ccf26dd482', '23882296-3b18-5539-9ed6-9bb6709234a9', '41a62081-dbce-5283-84bf-8cb1437b7c0a', 'Ksamil Beach', 'Famous for its turquoise water and small islands just offshore.', 'Address not provided', 'https://maps.google.com', 39.7689, 20.0031, 'assets/place/placeholder.jpg', null, null, 4.8, 1),
  ('178cc763-2b13-56f7-84a0-f507519bbfde', '23882296-3b18-5539-9ed6-9bb6709234a9', '41a62081-dbce-5283-84bf-8cb1437b7c0a', 'Pulebardha Beach', 'A hidden gem with crystal-clear water and a more relaxed vibe.', 'Address not provided', 'https://maps.google.com', 39.7537, 20.0195, 'assets/place/placeholder.jpg', null, null, 4.6, 1),
  ('975c8beb-5e11-5334-8876-071bad330861', '23882296-3b18-5539-9ed6-9bb6709234a9', '49f1b51a-a50e-58f4-ab71-41ff72e59f71', 'Mirror Beach (Plazhi Pasqyra)', 'Known for its reflective water and dramatic cliffs.', 'Address not provided', 'https://maps.google.com', 39.7496, 20.0209, 'assets/place/placeholder.jpg', null, null, 4.7, 1),
  ('aa7e437c-c917-502f-90af-8fef907940a1', 'fbca3283-45f7-5a29-8e55-ee3be297477f', 'ce7fde19-b207-53d8-87b7-432365988e37', 'Mrizi i Zanave', 'One of Albania’s most famous farm-to-table restaurants.', 'Address not provided', 'https://maps.google.com', 41.89923, 19.67365, 'assets/place/placeholder.jpg', null, null, 4.9, 1),
  ('cb5625f8-b6c9-5e89-85bb-96827bb59c01', 'b9267cf1-9f08-5ac8-a049-a54c35347df6', 'ce7fde19-b207-53d8-87b7-432365988e37', 'Lezha Coffee House', 'Simple café with good coffee.', 'Address not provided', 'https://maps.google.com', 41.7836, 19.6438, 'assets/place/placeholder.jpg', null, null, 4.4, 1),
  ('d8c50a44-dba9-5aeb-b9db-b9bb33ff5fa5', 'e34ebcf6-2001-55df-8336-237fc4483348', 'ce7fde19-b207-53d8-87b7-432365988e37', 'Bar Infinity', 'Local bar with music and drinks.', 'Address not provided', 'https://maps.google.com', 41.7844, 19.6451, 'assets/place/placeholder.jpg', null, null, 4.3, 1),
  ('26e545a0-e5ca-571b-a590-9eda43298b45', 'e6824119-d2e0-5bd2-b958-6a3fb36583c8', 'ce7fde19-b207-53d8-87b7-432365988e37', 'Hotel Liss', 'Comfortable hotel near the center.', 'Address not provided', 'https://maps.google.com', 41.786, 19.645, 'assets/place/placeholder.jpg', null, null, 4.5, 1),
  ('9bfcbf0e-14aa-5fa4-85d9-83f8d992c5cc', 'fbca3283-45f7-5a29-8e55-ee3be297477f', '49f1b51a-a50e-58f4-ab71-41ff72e59f71', 'Haxhi Restaurant', 'Seafood restaurant with amazing views.', 'Address not provided', 'https://maps.google.com', 39.8757, 20.0051, 'assets/place/placeholder.jpg', null, null, 4.8, 1),
  ('35d73eb6-2d2f-5b69-a51c-4257452e45ff', 'b9267cf1-9f08-5ac8-a049-a54c35347df6', '49f1b51a-a50e-58f4-ab71-41ff72e59f71', 'Jericho Café', 'Nice café with desserts and coffee.', 'Address not provided', 'https://maps.google.com', 39.8752, 20.0042, 'assets/place/placeholder.jpg', null, null, 4.6, 1),
  ('fe5cab4d-d412-5931-91f6-ca3e4d7d834f', 'e34ebcf6-2001-55df-8336-237fc4483348', '49f1b51a-a50e-58f4-ab71-41ff72e59f71', 'Mango Beach Club', 'Famous beach club with parties and drinks.', 'Address not provided', 'https://maps.google.com', 39.85352, 20.02019, 'assets/place/placeholder.jpg', null, null, 4.7, 1),
  ('3b19848d-b35f-566f-904d-19a9dfcd7379', 'e6824119-d2e0-5bd2-b958-6a3fb36583c8', '49f1b51a-a50e-58f4-ab71-41ff72e59f71', 'Bougainville Bay Hotel', 'Seafront hotel with apartments and private beach access.', 'Address not provided', 'https://maps.google.com', 39.8609, 20.0215, 'assets/place/placeholder.jpg', null, null, 4.5, 1),
  ('699d13ba-0b59-5d3c-8046-47646341391f', 'e6824119-d2e0-5bd2-b958-6a3fb36583c8', '49f1b51a-a50e-58f4-ab71-41ff72e59f71', 'Santa Quaranta Premium Resort', 'Stylish beachfront resort with infinity pool.', 'Address not provided', 'https://maps.google.com', 39.8576, 20.0244, 'assets/place/placeholder.jpg', null, null, 4.6, 1),
  ('9d6d9620-af95-57de-a89e-abddb9422a70', '23882296-3b18-5539-9ed6-9bb6709234a9', '1a84430f-86e2-5de0-968b-7a0952564bb6', 'Dhërmi Beach', 'One of Albania’s most popular beaches with crystal-clear water.', 'Address not provided', 'https://maps.google.com', 40.14196, 19.63861, 'assets/place/placeholder.jpg', null, null, 4.7, 1),
  ('3efdc408-ebb7-5be4-8426-0950a707d497', '23882296-3b18-5539-9ed6-9bb6709234a9', '1a84430f-86e2-5de0-968b-7a0952564bb6', 'Drymades Beach', 'Trendy beach with beach clubs and stunning sunsets.', 'Address not provided', 'https://maps.google.com', 40.1625, 19.6348, 'assets/place/placeholder.jpg', null, null, 4.8, 1),
  ('3626cb8c-e24d-5e9b-90a8-8d420b8223f1', '23882296-3b18-5539-9ed6-9bb6709234a9', 'b29a8239-710e-5c6b-8b70-9da8a3dcdacd', 'Jale Beach', 'Famous for nightlife and beach parties.', 'Address not provided', 'https://maps.google.com', 40.1148, 19.7298, 'assets/place/placeholder.jpg', null, null, 4.6, 1),
  ('da419ee4-f824-53e4-a1e3-fdf7f4a5d043', '23882296-3b18-5539-9ed6-9bb6709234a9', 'b29a8239-710e-5c6b-8b70-9da8a3dcdacd', 'Gjipe Beach', 'A remote paradise accessible through a canyon hike.', 'Plazhi i Gjipese', 'https://maps.app.goo.gl/wQ2ddMkzFQgqKgMk6', 40.12696, 19.67044, 'assets/place/gjipebe/gjipebe1.png', null, null, 4.9, 1),
  ('cc94dbe9-fa13-553b-96ef-5b0f5e2f4b88', 'e6824119-d2e0-5bd2-b958-6a3fb36583c8', '1a84430f-86e2-5de0-968b-7a0952564bb6', 'Drymades Inn Resort', 'Beachfront resort with a relaxed and trendy atmosphere.', 'Address not provided', 'https://maps.google.com', 40.1631, 19.6353, 'assets/place/placeholder.jpg', null, null, 4.5, 1),
  ('f6c69e66-ca62-539a-be81-b2bd42d326af', 'e6824119-d2e0-5bd2-b958-6a3fb36583c8', 'b29a8239-710e-5c6b-8b70-9da8a3dcdacd', 'Rapos Resort Hotel', 'Elegant hotel with panoramic sea views.', 'Address not provided', 'https://maps.google.com', 40.1014, 19.7448, 'assets/place/placeholder.jpg', null, null, 4.6, 1),
  ('fb735bb1-ec8f-5e07-bee1-47f2e04a739b', 'e6824119-d2e0-5bd2-b958-6a3fb36583c8', '1a84430f-86e2-5de0-968b-7a0952564bb6', 'Empire Beach Resort', 'Modern beachfront resort with vibrant atmosphere.', 'Address not provided', 'https://maps.google.com', 40.1504, 19.637, 'assets/place/placeholder.jpg', null, null, 4.4, 1)
on conflict (id) do update set category_id = excluded.category_id, city_id = excluded.city_id, name = excluded.name, description = excluded.description, address = excluded.address, google_maps_link = excluded.google_maps_link, latitude = excluded.latitude, longitude = excluded.longitude, main_image_path = excluded.main_image_path, phone = excluded.phone, website = excluded.website, rating_average = excluded.rating_average, ratings_count = excluded.ratings_count, updated_at = excluded.updated_at;

insert into public.place_images (id, place_id, image_path, sort_order)
values
  ('d72a221a-b48a-552f-8fc9-36d49c51627e', '580e4e7c-ee6e-5e7e-ae0e-63dce9c81bd2', 'assets/place/mullixhiu/mullixhiu1.png', 0),
  ('5d616e34-1905-514c-a026-7940f43bb775', '580e4e7c-ee6e-5e7e-ae0e-63dce9c81bd2', 'assets/place/mullixhiu/mullixhiu2.png', 1),
  ('25b1b6a0-fb52-554b-976c-97a1acae777f', '580e4e7c-ee6e-5e7e-ae0e-63dce9c81bd2', 'assets/place/mullixhiu/mullixhiu3.png', 2),
  ('5eaa7f26-666d-5167-bd4a-b7349ad8b21b', '580e4e7c-ee6e-5e7e-ae0e-63dce9c81bd2', 'assets/place/mullixhiu/mullixhiu4.png', 3),
  ('77752194-2e09-530b-ae76-886d9113e2d6', '580e4e7c-ee6e-5e7e-ae0e-63dce9c81bd2', 'assets/place/mullixhiu/mullixhiu5.png', 4),
  ('667d0e16-ee35-5c0d-9dfd-f037921e1787', 'b9b555da-2ecc-5108-9884-3ce6fcc766f0', 'assets/place/odagardenrest/oda1.png', 0),
  ('a26a41c5-2b73-5bbd-a288-307c414f3d56', 'b9b555da-2ecc-5108-9884-3ce6fcc766f0', 'assets/place/odagardenrest/oda2.png', 1),
  ('dc148055-78e0-506b-b35a-38f5e6a76ed5', 'b9b555da-2ecc-5108-9884-3ce6fcc766f0', 'assets/place/odagardenrest/oda3.png', 2),
  ('8a18ebae-2aed-5164-8717-5a89f516b9e5', 'b9b555da-2ecc-5108-9884-3ce6fcc766f0', 'assets/place/odagardenrest/oda4.png', 3),
  ('470c79dc-d6d6-5f5a-b749-04c7da8adffd', 'b9b555da-2ecc-5108-9884-3ce6fcc766f0', 'assets/place/odagardenrest/oda5.png', 4),
  ('faa04cdb-bb1c-5d68-953a-65d35a05554b', '1c34209c-a74f-5577-9153-74598f625d79', 'assets/place/komitetica/komitetica1.png', 0),
  ('226b3623-db49-5dee-9cc1-32b8af5006c5', '1c34209c-a74f-5577-9153-74598f625d79', 'assets/place/komitetica/komitetica2.png', 1),
  ('a680dacf-08f1-5731-9b84-f7a3aee28bfd', '1c34209c-a74f-5577-9153-74598f625d79', 'assets/place/komitetica/komitetica3.png', 2),
  ('304408c9-9732-53a7-85ec-30d3fa529748', '1c34209c-a74f-5577-9153-74598f625d79', 'assets/place/komitetica/komitetica4.png', 3),
  ('40e3e73d-0eab-589f-a311-e41e54316aa4', '1c34209c-a74f-5577-9153-74598f625d79', 'assets/place/komitetica/komitetica5.png', 4),
  ('bf34831c-2711-59d7-abda-d7bddd92c3bd', 'fd768af6-a9a0-5332-8bdd-c44c58dd22d4', 'assets/place/radiobar/radiobar1.png', 0),
  ('e301b700-aac9-5500-a7a3-30635b5b5705', 'fd768af6-a9a0-5332-8bdd-c44c58dd22d4', 'assets/place/radiobar/radiobar2.png', 1),
  ('cfe8cefb-b211-5dd3-a8e4-99fbd8b240e3', 'fd768af6-a9a0-5332-8bdd-c44c58dd22d4', 'assets/place/radiobar/radiobar3.png', 2),
  ('f364fcac-9406-5353-9199-10fe465fa4ae', 'fd768af6-a9a0-5332-8bdd-c44c58dd22d4', 'assets/place/radiobar/radiobar4.png', 3),
  ('8fa77e7b-a2f4-5752-87de-4f49e1e06b54', 'fd768af6-a9a0-5332-8bdd-c44c58dd22d4', 'assets/place/radiobar/radiobar5.png', 4),
  ('e5dc80e9-2859-5aab-813d-58493456f19f', 'c3c53273-afdd-5875-8f8a-2a17b0018666', 'assets/place/plazahotl/plaza1.png', 0),
  ('89deefd2-41a8-5d85-9100-d271a0adc6ea', 'c3c53273-afdd-5875-8f8a-2a17b0018666', 'assets/place/plazahotl/plaza2.png', 1),
  ('09811acf-bf9b-57d0-91d3-f380dd0fe10b', 'c3c53273-afdd-5875-8f8a-2a17b0018666', 'assets/place/plazahotl/plaza3.png', 2),
  ('f12e53a9-3f3e-5122-83ee-6a5f442c4430', 'c3c53273-afdd-5875-8f8a-2a17b0018666', 'assets/place/plazahotl/plaza4.png', 3),
  ('a3f1b925-1fed-5a34-86e0-4da632d5503f', 'c3c53273-afdd-5875-8f8a-2a17b0018666', 'assets/place/plazahotl/plaza5.png', 4),
  ('60f1ed1d-9005-5272-b2e3-52f413184c44', 'fb47f4a6-d99a-50c1-8e1a-b364cf7114ee', 'assets/place/placeholder.jpg', 0),
  ('192d84d2-3b59-53da-ace4-32fb032b0168', 'fb47f4a6-d99a-50c1-8e1a-b364cf7114ee', 'assets/place/placeholder.jpg', 1),
  ('698dbe89-0a69-5d7f-a526-c780cc0e2a42', 'fb47f4a6-d99a-50c1-8e1a-b364cf7114ee', 'assets/place/placeholder.jpg', 2),
  ('17ce00f7-22d5-5f7d-a821-9ebde72cf87a', 'fb47f4a6-d99a-50c1-8e1a-b364cf7114ee', 'assets/place/placeholder.jpg', 3),
  ('b6f1cfd2-50e6-5bfe-b1f9-3d117426990e', 'fb47f4a6-d99a-50c1-8e1a-b364cf7114ee', 'assets/place/placeholder.jpg', 4),
  ('abd90045-4e70-5c51-a55a-35e26766c447', '73fe1e4e-c259-5606-9e03-baed700a7d23', 'assets/place/placeholder.jpg', 0),
  ('9863fd5e-c9ee-541e-b4a8-ba124a2d73e9', '73fe1e4e-c259-5606-9e03-baed700a7d23', 'assets/place/placeholder.jpg', 1),
  ('b29efa04-d545-5cb4-84ee-90b9bb5f2b24', '73fe1e4e-c259-5606-9e03-baed700a7d23', 'assets/place/placeholder.jpg', 2),
  ('ee6aa2a0-b7dc-54ca-9514-0d74f0f20548', '73fe1e4e-c259-5606-9e03-baed700a7d23', 'assets/place/placeholder.jpg', 3),
  ('d8b8ea51-b173-57f7-9502-87dc96facd2a', '73fe1e4e-c259-5606-9e03-baed700a7d23', 'assets/place/placeholder.jpg', 4),
  ('552231cf-8d0f-5bbf-a5c9-17fdc62a26b8', '02a74131-f2eb-5cfd-a9b1-b79640b49348', 'assets/place/placeholder.jpg', 0),
  ('164cf4e5-72c6-5da6-a6a7-0c0c29a26cc3', '02a74131-f2eb-5cfd-a9b1-b79640b49348', 'assets/place/placeholder.jpg', 1),
  ('5df50107-a775-5612-9b88-2361b8da5521', '02a74131-f2eb-5cfd-a9b1-b79640b49348', 'assets/place/placeholder.jpg', 2),
  ('9287acdc-74a1-5e71-829f-1a24c4c039b6', '02a74131-f2eb-5cfd-a9b1-b79640b49348', 'assets/place/placeholder.jpg', 3),
  ('b31024d8-7e36-59ab-9e08-7484e888430c', '02a74131-f2eb-5cfd-a9b1-b79640b49348', 'assets/place/placeholder.jpg', 4),
  ('59b00f59-0f72-5b11-9b0c-b9102be8cf7a', '903f4b20-913a-55ea-acea-9c0c62fe72fe', 'assets/place/placeholder.jpg', 0),
  ('c8fd09ca-cfd5-5b20-a709-216fd3914f3f', '903f4b20-913a-55ea-acea-9c0c62fe72fe', 'assets/place/placeholder.jpg', 1),
  ('4048bad7-576a-5c77-821b-76e5d671be0a', '903f4b20-913a-55ea-acea-9c0c62fe72fe', 'assets/place/placeholder.jpg', 2),
  ('3a08b05f-1426-5b46-b003-037404ceb17d', '903f4b20-913a-55ea-acea-9c0c62fe72fe', 'assets/place/placeholder.jpg', 3),
  ('af4be07d-6f6e-50b3-97f2-7bf43074a623', '903f4b20-913a-55ea-acea-9c0c62fe72fe', 'assets/place/placeholder.jpg', 4),
  ('02c6723f-4a50-538e-a5dd-11ec1348fae2', 'b81d33fd-960a-5055-b6bd-1f153ce36a12', 'assets/place/placeholder.jpg', 0),
  ('7dfeaaa6-8867-5f7b-9867-2f014ccf1f77', 'b81d33fd-960a-5055-b6bd-1f153ce36a12', 'assets/place/placeholder.jpg', 1),
  ('b629f9f0-d86b-5c87-ba7a-cf8e714b6cdc', 'b81d33fd-960a-5055-b6bd-1f153ce36a12', 'assets/place/placeholder.jpg', 2),
  ('eb372907-482c-5ecb-b951-72dc591c90b0', 'b81d33fd-960a-5055-b6bd-1f153ce36a12', 'assets/place/placeholder.jpg', 3),
  ('6232c627-59ec-540b-bfc0-b077909ddb96', 'b81d33fd-960a-5055-b6bd-1f153ce36a12', 'assets/place/placeholder.jpg', 4),
  ('63d6af35-0851-55c0-9c04-91a45b00dc7d', 'd40025bc-7cf2-5c51-a930-abd902718ecd', 'assets/place/placeholder.jpg', 0),
  ('54439cf9-11b5-50f1-af91-a5f956719df5', 'd40025bc-7cf2-5c51-a930-abd902718ecd', 'assets/place/placeholder.jpg', 1),
  ('8b3cf8d3-3a44-54df-9b69-e0904ba6a281', 'd40025bc-7cf2-5c51-a930-abd902718ecd', 'assets/place/placeholder.jpg', 2),
  ('72ffaced-7680-56e1-89b2-7f246a71c80b', 'd40025bc-7cf2-5c51-a930-abd902718ecd', 'assets/place/placeholder.jpg', 3),
  ('0a60a385-f26f-5e8f-926a-7a005245d7f6', 'd40025bc-7cf2-5c51-a930-abd902718ecd', 'assets/place/placeholder.jpg', 4),
  ('cfa78785-c171-598e-b690-9fb640ba21ae', 'a828b925-d0aa-5bdc-a4cb-52d9bff684eb', 'assets/place/placeholder.jpg', 0),
  ('1ff8ab67-e906-5c44-a526-721ded41e6b8', 'a828b925-d0aa-5bdc-a4cb-52d9bff684eb', 'assets/place/placeholder.jpg', 1),
  ('c2451d67-d3ad-59aa-ba38-462f12ae5d36', 'a828b925-d0aa-5bdc-a4cb-52d9bff684eb', 'assets/place/placeholder.jpg', 2),
  ('ccf0ac4b-d900-5982-8ed8-b90118b6553e', 'a828b925-d0aa-5bdc-a4cb-52d9bff684eb', 'assets/place/placeholder.jpg', 3),
  ('8092249f-d8d4-58e3-af80-fb6f869ac760', 'a828b925-d0aa-5bdc-a4cb-52d9bff684eb', 'assets/place/placeholder.jpg', 4),
  ('951cdda9-29f4-5ab4-aff0-c0d48677648d', 'be4af314-1574-574f-8106-81f53fb67dbe', 'assets/place/placeholder.jpg', 0),
  ('0f51c43e-b7a5-538a-913c-f0be769aba39', 'be4af314-1574-574f-8106-81f53fb67dbe', 'assets/place/placeholder.jpg', 1),
  ('67f7fb22-51ac-582b-bf11-cc8a413699ef', 'be4af314-1574-574f-8106-81f53fb67dbe', 'assets/place/placeholder.jpg', 2),
  ('63b42589-3eaf-5360-8245-29ffd227574e', 'be4af314-1574-574f-8106-81f53fb67dbe', 'assets/place/placeholder.jpg', 3),
  ('a710b0da-6150-56b4-98e0-6e518cb944af', 'be4af314-1574-574f-8106-81f53fb67dbe', 'assets/place/placeholder.jpg', 4),
  ('205ce10a-c604-526e-800d-5c85938d754d', '3dc0fdff-eddc-5f25-aa58-870ddda4d357', 'assets/place/placeholder.jpg', 0),
  ('7f1199f7-c2fa-5e4a-bbd3-93a3c79a4977', '3dc0fdff-eddc-5f25-aa58-870ddda4d357', 'assets/place/placeholder.jpg', 1),
  ('23c17c35-d56d-58f1-82f2-2fa1a414e4e2', '3dc0fdff-eddc-5f25-aa58-870ddda4d357', 'assets/place/placeholder.jpg', 2),
  ('4006c442-97c4-5011-bce4-6f75f3bb4b22', '3dc0fdff-eddc-5f25-aa58-870ddda4d357', 'assets/place/placeholder.jpg', 3),
  ('bc9ebffe-94dc-596e-a6ee-c0f5247b056a', '3dc0fdff-eddc-5f25-aa58-870ddda4d357', 'assets/place/placeholder.jpg', 4),
  ('dc8552a3-e736-5aba-966b-529b022de915', 'b19a7d95-0b3f-5ea6-a23c-5f6f9c43953e', 'assets/place/placeholder.jpg', 0),
  ('3754b1f3-8577-513e-bf6e-f60ade9f4689', 'b19a7d95-0b3f-5ea6-a23c-5f6f9c43953e', 'assets/place/placeholder.jpg', 1),
  ('07999a85-d214-5fa1-a65b-94846062d12f', 'b19a7d95-0b3f-5ea6-a23c-5f6f9c43953e', 'assets/place/placeholder.jpg', 2),
  ('a74f3c28-2904-5a4a-a325-7d38d05a0452', 'b19a7d95-0b3f-5ea6-a23c-5f6f9c43953e', 'assets/place/placeholder.jpg', 3),
  ('1b882df9-8c1a-5d93-b1fd-8f314206273d', 'b19a7d95-0b3f-5ea6-a23c-5f6f9c43953e', 'assets/place/placeholder.jpg', 4),
  ('7273e3c5-9ffa-59e1-b4cd-26386a93246f', '5a5a257a-9013-589d-b9db-e5e2dbe387a0', 'assets/place/placeholder.jpg', 0),
  ('e99d95fa-d257-5e8d-8f00-3c07691f133c', '5a5a257a-9013-589d-b9db-e5e2dbe387a0', 'assets/place/placeholder.jpg', 1),
  ('f3b9d7db-8399-5924-b2cc-9749ac9b8454', '5a5a257a-9013-589d-b9db-e5e2dbe387a0', 'assets/place/placeholder.jpg', 2),
  ('68c6bf30-5e14-505b-b5ad-dcf9f1f349e3', '5a5a257a-9013-589d-b9db-e5e2dbe387a0', 'assets/place/placeholder.jpg', 3),
  ('677b37e5-dd1f-53bc-aa95-30e7af82a25e', '5a5a257a-9013-589d-b9db-e5e2dbe387a0', 'assets/place/placeholder.jpg', 4),
  ('360edf44-e54a-5fda-b9e1-1798412c7da4', '676d3697-bd64-5691-8027-87579060a0f1', 'assets/place/placeholder.jpg', 0),
  ('086d9951-4983-51d9-bb4a-f4246666dd45', '676d3697-bd64-5691-8027-87579060a0f1', 'assets/place/placeholder.jpg', 1),
  ('450650fe-cd5d-5cc8-9c2c-1b61655ca4c1', '676d3697-bd64-5691-8027-87579060a0f1', 'assets/place/placeholder.jpg', 2),
  ('a9b29c98-3d75-5f30-8e25-71e164eb5c3f', '676d3697-bd64-5691-8027-87579060a0f1', 'assets/place/placeholder.jpg', 3),
  ('27e331cc-bdb1-52ed-b04a-368fee12e6f5', '676d3697-bd64-5691-8027-87579060a0f1', 'assets/place/placeholder.jpg', 4),
  ('b6774163-d34d-504d-9e2d-c631476c51e4', 'fa5569b4-90e6-5cce-8524-78dc9de66119', 'assets/place/placeholder.jpg', 0),
  ('3ad01e60-59e8-5725-aed3-65357a52913b', 'fa5569b4-90e6-5cce-8524-78dc9de66119', 'assets/place/placeholder.jpg', 1),
  ('16c6557d-31df-526e-86df-fbf030e84e7f', 'fa5569b4-90e6-5cce-8524-78dc9de66119', 'assets/place/placeholder.jpg', 2),
  ('b11c1130-33e1-57ac-9db2-3029d0f6b8f8', 'fa5569b4-90e6-5cce-8524-78dc9de66119', 'assets/place/placeholder.jpg', 3),
  ('965f9887-c7b0-578b-b298-659ff2121a38', 'fa5569b4-90e6-5cce-8524-78dc9de66119', 'assets/place/placeholder.jpg', 4),
  ('d874fac7-64cd-5560-a9a2-3161270a1f4c', 'd127ea2f-31d1-5290-8240-372181a4e882', 'assets/place/placeholder.jpg', 0),
  ('4eeb6c45-0685-563e-b47a-0fd9a36c71b7', 'd127ea2f-31d1-5290-8240-372181a4e882', 'assets/place/placeholder.jpg', 1),
  ('5f1cc82e-c539-5d39-9e7a-f92341d3b19a', 'd127ea2f-31d1-5290-8240-372181a4e882', 'assets/place/placeholder.jpg', 2),
  ('2c4f6bef-37ac-50d2-9579-2e24f02977e0', 'd127ea2f-31d1-5290-8240-372181a4e882', 'assets/place/placeholder.jpg', 3),
  ('f317d92d-223a-5aa0-9c79-2bb31614f34c', 'd127ea2f-31d1-5290-8240-372181a4e882', 'assets/place/placeholder.jpg', 4),
  ('9cda3f55-1b60-58d1-8286-f67b96fe8340', '049903ea-6a64-563c-85cd-b1cd409aa877', 'assets/place/placeholder.jpg', 0),
  ('358f6189-4ce4-52b1-ba16-918c86490165', '049903ea-6a64-563c-85cd-b1cd409aa877', 'assets/place/placeholder.jpg', 1),
  ('defbd2f7-f4fd-593d-94d2-95110c0d7cac', '049903ea-6a64-563c-85cd-b1cd409aa877', 'assets/place/placeholder.jpg', 2),
  ('1ff54f29-af54-563e-a9e2-06916e079b7c', '049903ea-6a64-563c-85cd-b1cd409aa877', 'assets/place/placeholder.jpg', 3),
  ('f65c0324-b36b-58d8-9e14-c3d90154b78a', '049903ea-6a64-563c-85cd-b1cd409aa877', 'assets/place/placeholder.jpg', 4),
  ('e1064046-d9d3-507a-951f-54bbb6875c3c', 'e824290b-13cb-50d3-b2b6-f0cce5a99489', 'assets/place/placeholder.jpg', 0),
  ('e2ad968a-0069-549f-9522-11a576c5cbec', 'e824290b-13cb-50d3-b2b6-f0cce5a99489', 'assets/place/placeholder.jpg', 1),
  ('706e3981-73f5-5743-8e9f-67d8fdb624b4', 'e824290b-13cb-50d3-b2b6-f0cce5a99489', 'assets/place/placeholder.jpg', 2),
  ('d7b14a64-a1d6-514b-9fa6-36c790f4a7d2', 'e824290b-13cb-50d3-b2b6-f0cce5a99489', 'assets/place/placeholder.jpg', 3),
  ('57b9c78f-fa0c-5ebb-a8b1-38f318c8f069', 'e824290b-13cb-50d3-b2b6-f0cce5a99489', 'assets/place/placeholder.jpg', 4),
  ('ba3e67ca-eee5-5043-9b51-2b3ca82af669', '581e75b3-26c1-5c42-bd78-88bf49adf838', 'assets/place/placeholder.jpg', 0),
  ('948de3c7-f874-51dd-8256-05f5decb389c', '581e75b3-26c1-5c42-bd78-88bf49adf838', 'assets/place/placeholder.jpg', 1),
  ('3894e703-2a37-5fe9-a447-93aa2a408016', '581e75b3-26c1-5c42-bd78-88bf49adf838', 'assets/place/placeholder.jpg', 2),
  ('05a9933f-9b92-5a51-8fed-bfb820d7ac27', '581e75b3-26c1-5c42-bd78-88bf49adf838', 'assets/place/placeholder.jpg', 3),
  ('0e459196-6bb2-500f-a225-53ea006883fa', '581e75b3-26c1-5c42-bd78-88bf49adf838', 'assets/place/placeholder.jpg', 4),
  ('b6d0b5bf-4057-5408-95c2-0293ddf6da19', 'dcef1ecd-2f1c-5405-ab8d-d0f2b3d22d55', 'assets/place/placeholder.jpg', 0),
  ('67f3bc51-91f1-54d3-968c-edad4d3d667f', 'dcef1ecd-2f1c-5405-ab8d-d0f2b3d22d55', 'assets/place/placeholder.jpg', 1),
  ('cb0f1f31-a01f-5f91-9119-5c448b7c89cf', 'dcef1ecd-2f1c-5405-ab8d-d0f2b3d22d55', 'assets/place/placeholder.jpg', 2),
  ('20dd83c3-6dc7-55d3-9a90-a5bd5ebe4c57', 'dcef1ecd-2f1c-5405-ab8d-d0f2b3d22d55', 'assets/place/placeholder.jpg', 3),
  ('23b44654-1fe7-5616-97a1-747b0c3433e8', 'dcef1ecd-2f1c-5405-ab8d-d0f2b3d22d55', 'assets/place/placeholder.jpg', 4),
  ('394f3b3d-4d82-5f1b-93d0-f91c58933148', '86554aaa-d64b-53ac-a955-c9314a1c7e65', 'assets/place/placeholder.jpg', 0),
  ('05648bea-9f8a-59db-983c-19d4e5dcb6fe', '86554aaa-d64b-53ac-a955-c9314a1c7e65', 'assets/place/placeholder.jpg', 1),
  ('ff356900-618c-5b96-afda-693b6194365b', '86554aaa-d64b-53ac-a955-c9314a1c7e65', 'assets/place/placeholder.jpg', 2),
  ('93f088c0-c119-55d7-a4b4-66fecd6b10f5', '86554aaa-d64b-53ac-a955-c9314a1c7e65', 'assets/place/placeholder.jpg', 3),
  ('f0f8467c-abc8-5421-8eb6-db52cfed54e1', '86554aaa-d64b-53ac-a955-c9314a1c7e65', 'assets/place/placeholder.jpg', 4),
  ('516a6c18-663e-56cd-b3e0-de84894a1987', 'f08edf98-fdb9-57ba-b5d1-83a48975be84', 'assets/place/placeholder.jpg', 0),
  ('d4aba8e2-ed2a-5b9a-bd4a-f7ba4ecd048b', 'f08edf98-fdb9-57ba-b5d1-83a48975be84', 'assets/place/placeholder.jpg', 1),
  ('9be95aae-3335-54c9-a5d1-ea15c36a4167', 'f08edf98-fdb9-57ba-b5d1-83a48975be84', 'assets/place/placeholder.jpg', 2),
  ('8d3d7bdd-1c1a-5d09-acb9-39d9b8c509b1', 'f08edf98-fdb9-57ba-b5d1-83a48975be84', 'assets/place/placeholder.jpg', 3),
  ('94bdfeac-e671-5f7c-8777-0bb16a18a677', 'f08edf98-fdb9-57ba-b5d1-83a48975be84', 'assets/place/placeholder.jpg', 4),
  ('54fd3365-688c-5f8f-b455-daa80d22aef6', '721b9d0e-10e3-5c3a-9873-b714ce53463c', 'assets/place/placeholder.jpg', 0),
  ('84f69f1e-b223-52e1-a1bf-25e90c6c7a11', '721b9d0e-10e3-5c3a-9873-b714ce53463c', 'assets/place/placeholder.jpg', 1),
  ('45004cde-52f6-5cb8-9b2a-8383d7b923c0', '721b9d0e-10e3-5c3a-9873-b714ce53463c', 'assets/place/placeholder.jpg', 2),
  ('b5d7d996-bb95-5247-9f87-f83b2917211a', '721b9d0e-10e3-5c3a-9873-b714ce53463c', 'assets/place/placeholder.jpg', 3),
  ('eaabf2fa-7466-5443-b472-0381abdc10e8', '721b9d0e-10e3-5c3a-9873-b714ce53463c', 'assets/place/placeholder.jpg', 4),
  ('d6676305-bcbc-577e-bc49-f77bc3ba16a9', '0668eef6-271a-5365-9e10-cdb4554f0df6', 'assets/place/placeholder.jpg', 0),
  ('a550f2df-2ede-5f55-aeee-68185cffb39b', '0668eef6-271a-5365-9e10-cdb4554f0df6', 'assets/place/placeholder.jpg', 1),
  ('a85b9a4a-bc3f-55c6-8709-6fd6feb95ceb', '0668eef6-271a-5365-9e10-cdb4554f0df6', 'assets/place/placeholder.jpg', 2),
  ('6010df63-02b5-5723-af46-8c61237bd456', '0668eef6-271a-5365-9e10-cdb4554f0df6', 'assets/place/placeholder.jpg', 3),
  ('d29e44d5-2b76-5523-89f7-fa546e0c623e', '0668eef6-271a-5365-9e10-cdb4554f0df6', 'assets/place/placeholder.jpg', 4),
  ('b3363be5-cda1-5a99-84a9-acfec39a90dc', 'cacee901-5c1d-5b46-9263-04acd075d1d9', 'assets/place/placeholder.jpg', 0),
  ('a7d12adf-2fb6-53e7-8f06-cf3365f71b49', 'cacee901-5c1d-5b46-9263-04acd075d1d9', 'assets/place/placeholder.jpg', 1),
  ('a5abee62-0372-5084-89ae-06d10b7199e6', 'cacee901-5c1d-5b46-9263-04acd075d1d9', 'assets/place/placeholder.jpg', 2),
  ('0e9c4513-7147-5ee4-8119-74a7b66488b3', 'cacee901-5c1d-5b46-9263-04acd075d1d9', 'assets/place/placeholder.jpg', 3),
  ('be47c34a-94ef-54a0-ae27-24fd54afcde8', 'cacee901-5c1d-5b46-9263-04acd075d1d9', 'assets/place/placeholder.jpg', 4),
  ('067d74d3-e1ad-5cb3-9abc-84f605626bad', 'cacee901-5c1d-5b46-9263-04acd075d1d9', 'assets/place/placeholder.jpg', 5),
  ('4c80c936-e5cd-52c5-be9a-407442668b1f', 'c1471ed6-4875-5e7f-8e46-37db87627040', 'assets/place/placeholder.jpg', 0),
  ('0b1602a0-53ad-5897-af18-c5c2c1510e8a', 'c1471ed6-4875-5e7f-8e46-37db87627040', 'assets/place/placeholder.jpg', 1),
  ('65787f4c-a641-51b9-b9a0-8a7eb95ce85f', 'c1471ed6-4875-5e7f-8e46-37db87627040', 'assets/place/placeholder.jpg', 2),
  ('cca69782-3e36-54ec-bac3-d48294367dfe', 'c1471ed6-4875-5e7f-8e46-37db87627040', 'assets/place/placeholder.jpg', 3),
  ('45c8f6dc-d99b-5c3f-898b-69839b40e09b', 'c1471ed6-4875-5e7f-8e46-37db87627040', 'assets/place/placeholder.jpg', 4),
  ('e0fa973d-14be-507b-ba26-e08a271f782b', 'f79974cc-d208-57de-817c-bbf3eb4ee2f5', 'assets/place/placeholder.jpg', 0),
  ('1ef7ff70-6adb-5db5-8a7e-a6916e6d774c', 'f79974cc-d208-57de-817c-bbf3eb4ee2f5', 'assets/place/placeholder.jpg', 1),
  ('7289600a-b010-5c3f-89c1-b68b2dee145a', 'f79974cc-d208-57de-817c-bbf3eb4ee2f5', 'assets/place/placeholder.jpg', 2),
  ('37b0cbfe-aece-5520-b477-cac8a7cde39e', 'f79974cc-d208-57de-817c-bbf3eb4ee2f5', 'assets/place/placeholder.jpg', 3),
  ('f722dd2f-814b-5170-bf4d-2a9ecebeb771', 'f79974cc-d208-57de-817c-bbf3eb4ee2f5', 'assets/place/placeholder.jpg', 4),
  ('d6f1fd07-a6ba-5578-befa-99458c9b8db9', '0459a6bd-aa2a-528b-b884-04484e3c374e', 'assets/place/placeholder.jpg', 0),
  ('b4ed1e5e-9bc7-5535-b398-5f22d40fbc08', '0459a6bd-aa2a-528b-b884-04484e3c374e', 'assets/place/placeholder.jpg', 1),
  ('cdabc154-3ffc-54a0-83c6-ef9386b52e88', '0459a6bd-aa2a-528b-b884-04484e3c374e', 'assets/place/placeholder.jpg', 2),
  ('084b091a-5cbe-5616-9f3b-fcf823560358', '0459a6bd-aa2a-528b-b884-04484e3c374e', 'assets/place/placeholder.jpg', 3),
  ('9542f897-accb-5a50-a76d-5c4ab5068516', '0459a6bd-aa2a-528b-b884-04484e3c374e', 'assets/place/placeholder.jpg', 4),
  ('d2980523-82cd-5042-acb8-c4928ae99839', '6e6dcde9-1b24-5e5e-ba37-538f3f20e82c', 'assets/place/placeholder.jpg', 0),
  ('96e2ab9f-04b6-5f33-8fc0-7d98fc63efaf', '6e6dcde9-1b24-5e5e-ba37-538f3f20e82c', 'assets/place/placeholder.jpg', 1),
  ('e6ae4a8b-44fd-5f9a-8350-d290903cf0ee', '6e6dcde9-1b24-5e5e-ba37-538f3f20e82c', 'assets/place/placeholder.jpg', 2),
  ('de8d468f-cac7-5424-b570-7072193c3cdd', '6e6dcde9-1b24-5e5e-ba37-538f3f20e82c', 'assets/place/placeholder.jpg', 3),
  ('3a1a2dd4-dd7e-58e0-9299-f9d9f56b83d6', '6e6dcde9-1b24-5e5e-ba37-538f3f20e82c', 'assets/place/placeholder.jpg', 4),
  ('6ab3c61b-935e-5aa2-9c2c-f1093419c026', 'a2f8d626-9ab3-5710-b60d-47ccf26dd482', 'assets/place/placeholder.jpg', 0),
  ('6a90a707-35f9-536c-aa7e-59dea0965f85', 'a2f8d626-9ab3-5710-b60d-47ccf26dd482', 'assets/place/placeholder.jpg', 1),
  ('706d6f84-d2ea-5585-9ad1-39d1249e7457', 'a2f8d626-9ab3-5710-b60d-47ccf26dd482', 'assets/place/placeholder.jpg', 2),
  ('d58583ee-cdde-5eeb-ad95-7c5baea6870f', 'a2f8d626-9ab3-5710-b60d-47ccf26dd482', 'assets/place/placeholder.jpg', 3),
  ('7c1f05e6-a9d7-59b1-9183-058cf3389ff3', 'a2f8d626-9ab3-5710-b60d-47ccf26dd482', 'assets/place/placeholder.jpg', 4),
  ('a9705320-4b64-5d89-b123-2f5a011306f1', '178cc763-2b13-56f7-84a0-f507519bbfde', 'assets/place/placeholder.jpg', 0),
  ('e6fa282e-ebb0-58eb-bb86-caf97ee0ba11', '178cc763-2b13-56f7-84a0-f507519bbfde', 'assets/place/placeholder.jpg', 1),
  ('0633237e-5670-54fa-8718-60989139fb3a', '178cc763-2b13-56f7-84a0-f507519bbfde', 'assets/place/placeholder.jpg', 2),
  ('742209ba-a0cd-559f-b1ab-403dd5b08db7', '178cc763-2b13-56f7-84a0-f507519bbfde', 'assets/place/placeholder.jpg', 3),
  ('7cf3517f-2f11-5d97-81f0-9dfa67a129b7', '178cc763-2b13-56f7-84a0-f507519bbfde', 'assets/place/placeholder.jpg', 4),
  ('1a077c29-1013-5ff5-b5f0-65f0a1693e14', '975c8beb-5e11-5334-8876-071bad330861', 'assets/place/placeholder.jpg', 0),
  ('d001f325-2996-523c-95fa-3318470996a8', '975c8beb-5e11-5334-8876-071bad330861', 'assets/place/placeholder.jpg', 1),
  ('ca873af9-eacd-5df8-867c-3d9dec0cc57b', '975c8beb-5e11-5334-8876-071bad330861', 'assets/place/placeholder.jpg', 2),
  ('b416b169-fc3c-5893-a90a-fa3bbe2992ab', '975c8beb-5e11-5334-8876-071bad330861', 'assets/place/placeholder.jpg', 3),
  ('bfa699e7-b531-5c50-9881-a497a2230cc4', '975c8beb-5e11-5334-8876-071bad330861', 'assets/place/placeholder.jpg', 4),
  ('73b14433-8982-5b11-be8f-5b045b70c51a', 'aa7e437c-c917-502f-90af-8fef907940a1', 'assets/place/placeholder.jpg', 0),
  ('a3acdb66-c9e8-5f94-bc16-6858b349f4a8', 'aa7e437c-c917-502f-90af-8fef907940a1', 'assets/place/placeholder.jpg', 1),
  ('d52ab31a-d1fa-5299-ac39-4b20825cb4ef', 'aa7e437c-c917-502f-90af-8fef907940a1', 'assets/place/placeholder.jpg', 2),
  ('93465035-5d21-5156-b18c-76d1882f7593', 'aa7e437c-c917-502f-90af-8fef907940a1', 'assets/place/placeholder.jpg', 3),
  ('c2eb6b21-c35d-5a7b-bf03-e0e074f3c670', 'aa7e437c-c917-502f-90af-8fef907940a1', 'assets/place/placeholder.jpg', 4),
  ('aa24c08c-14a2-5c62-bd28-49bb08a9fac5', 'cb5625f8-b6c9-5e89-85bb-96827bb59c01', 'assets/place/placeholder.jpg', 0),
  ('acfe03a3-1a94-53ca-b0be-2bdf3e8704a7', 'cb5625f8-b6c9-5e89-85bb-96827bb59c01', 'assets/place/placeholder.jpg', 1),
  ('56b57820-8884-5553-815e-7f9131a78746', 'cb5625f8-b6c9-5e89-85bb-96827bb59c01', 'assets/place/placeholder.jpg', 2),
  ('1f54edc9-0cf9-5f17-8ed9-ba0c5217ce20', 'cb5625f8-b6c9-5e89-85bb-96827bb59c01', 'assets/place/placeholder.jpg', 3),
  ('e60f981f-6430-5eea-8e57-fdb2b954b239', 'cb5625f8-b6c9-5e89-85bb-96827bb59c01', 'assets/place/placeholder.jpg', 4),
  ('61dba2cf-3edd-5227-9f38-7ea4a3995efd', 'd8c50a44-dba9-5aeb-b9db-b9bb33ff5fa5', 'assets/place/placeholder.jpg', 0),
  ('651faa77-369e-5174-bce7-08a427eb9e2c', 'd8c50a44-dba9-5aeb-b9db-b9bb33ff5fa5', 'assets/place/placeholder.jpg', 1),
  ('de38504b-f367-511d-a4cd-bab342497b66', 'd8c50a44-dba9-5aeb-b9db-b9bb33ff5fa5', 'assets/place/placeholder.jpg', 2),
  ('a441e74a-9fbf-5e2c-b3c1-ce4555c414f4', 'd8c50a44-dba9-5aeb-b9db-b9bb33ff5fa5', 'assets/place/placeholder.jpg', 3),
  ('46bff14d-b515-5718-ad17-680892703d45', 'd8c50a44-dba9-5aeb-b9db-b9bb33ff5fa5', 'assets/place/placeholder.jpg', 4),
  ('48bb5eb8-0d79-515f-82b9-46e54e8c43b9', '26e545a0-e5ca-571b-a590-9eda43298b45', 'assets/place/placeholder.jpg', 0),
  ('1e134a88-9e18-5d57-bd4f-b909bcc54ca0', '26e545a0-e5ca-571b-a590-9eda43298b45', 'assets/place/placeholder.jpg', 1),
  ('c33edf5a-5e73-5547-95cb-fbb4cac80546', '26e545a0-e5ca-571b-a590-9eda43298b45', 'assets/place/placeholder.jpg', 2),
  ('8f13d81f-208e-550e-9913-222f65420ea0', '26e545a0-e5ca-571b-a590-9eda43298b45', 'assets/place/placeholder.jpg', 3),
  ('5253303b-6a2e-5fdd-bcb9-a41d24950d25', '26e545a0-e5ca-571b-a590-9eda43298b45', 'assets/place/placeholder.jpg', 4),
  ('0ee15127-d09d-5594-b954-4b7b552c0be4', '9bfcbf0e-14aa-5fa4-85d9-83f8d992c5cc', 'assets/place/placeholder.jpg', 0),
  ('e029dd0b-d2e9-56d6-a581-3b70666e557c', '9bfcbf0e-14aa-5fa4-85d9-83f8d992c5cc', 'assets/place/placeholder.jpg', 1),
  ('7cd9b2b9-7833-5e82-a3d9-00b485b28e13', '9bfcbf0e-14aa-5fa4-85d9-83f8d992c5cc', 'assets/place/placeholder.jpg', 2),
  ('d4184fc2-b48e-543f-be19-b284f554f0c7', '9bfcbf0e-14aa-5fa4-85d9-83f8d992c5cc', 'assets/place/placeholder.jpg', 3),
  ('02c8f38c-0bfa-5aab-9c74-7ae6b03e87cc', '9bfcbf0e-14aa-5fa4-85d9-83f8d992c5cc', 'assets/place/placeholder.jpg', 4),
  ('85f4571f-e88a-5538-a06a-693ffd96a335', '35d73eb6-2d2f-5b69-a51c-4257452e45ff', 'assets/place/placeholder.jpg', 0),
  ('8158cbfc-b1d7-5396-b0ee-3095d4bd4762', '35d73eb6-2d2f-5b69-a51c-4257452e45ff', 'assets/place/placeholder.jpg', 1),
  ('d6e87d91-f1d0-56b7-879a-d24e5afe7135', '35d73eb6-2d2f-5b69-a51c-4257452e45ff', 'assets/place/placeholder.jpg', 2),
  ('7cab16bf-1df8-5b55-bfa7-d790eb03c11d', '35d73eb6-2d2f-5b69-a51c-4257452e45ff', 'assets/place/placeholder.jpg', 3),
  ('b7c9be36-684b-595c-b6eb-85e31bcc3457', '35d73eb6-2d2f-5b69-a51c-4257452e45ff', 'assets/place/placeholder.jpg', 4),
  ('9485a682-9bae-52fd-9a37-384c8bde2720', 'fe5cab4d-d412-5931-91f6-ca3e4d7d834f', 'assets/place/placeholder.jpg', 0),
  ('065a85d6-dd74-5490-b9cd-ca1ed927a788', 'fe5cab4d-d412-5931-91f6-ca3e4d7d834f', 'assets/place/placeholder.jpg', 1),
  ('6ea3bda3-0abf-5eda-95f8-ff68e4476e33', 'fe5cab4d-d412-5931-91f6-ca3e4d7d834f', 'assets/place/placeholder.jpg', 2),
  ('ca0867f6-8be8-50a6-af62-07307ff21cca', 'fe5cab4d-d412-5931-91f6-ca3e4d7d834f', 'assets/place/placeholder.jpg', 3),
  ('4d77d247-11af-5993-bf19-2859f01ae7df', 'fe5cab4d-d412-5931-91f6-ca3e4d7d834f', 'assets/place/placeholder.jpg', 4),
  ('aa69f59a-9eb6-5003-a6b6-a092297a4a61', '3b19848d-b35f-566f-904d-19a9dfcd7379', 'assets/place/placeholder.jpg', 0),
  ('cef78838-d4c4-5500-9fa1-73f5cf7c51f9', '3b19848d-b35f-566f-904d-19a9dfcd7379', 'assets/place/placeholder.jpg', 1),
  ('384a9f16-c58d-5705-909a-879bc6d5e1fb', '3b19848d-b35f-566f-904d-19a9dfcd7379', 'assets/place/placeholder.jpg', 2),
  ('8670c745-8a99-5ea2-b31d-dde7c1c397df', '3b19848d-b35f-566f-904d-19a9dfcd7379', 'assets/place/placeholder.jpg', 3),
  ('9ea0f661-bbce-5aa5-abbb-652b009fdf98', '3b19848d-b35f-566f-904d-19a9dfcd7379', 'assets/place/placeholder.jpg', 4),
  ('48062a89-ed1a-51e5-b600-027423a3d062', '699d13ba-0b59-5d3c-8046-47646341391f', 'assets/place/placeholder.jpg', 0),
  ('16783726-05c3-5fda-8f67-e69c103937b0', '699d13ba-0b59-5d3c-8046-47646341391f', 'assets/place/placeholder.jpg', 1),
  ('9d59e63b-d217-505b-b074-7602df527446', '699d13ba-0b59-5d3c-8046-47646341391f', 'assets/place/placeholder.jpg', 2),
  ('4ca2bfa5-d469-54c3-ba5c-6fcead9e8c60', '699d13ba-0b59-5d3c-8046-47646341391f', 'assets/place/placeholder.jpg', 3),
  ('8e177d25-bf3b-535f-a18a-c087500c0fee', '699d13ba-0b59-5d3c-8046-47646341391f', 'assets/place/placeholder.jpg', 4),
  ('34fe8e1b-ee29-59ff-a2da-afd2ac5c5f31', '9d6d9620-af95-57de-a89e-abddb9422a70', 'assets/place/placeholder.jpg', 0),
  ('20818bec-e231-5cb1-8fad-becc13f01113', '9d6d9620-af95-57de-a89e-abddb9422a70', 'assets/place/placeholder.jpg', 1),
  ('6fba613c-ac0a-5ce6-8985-06dfca2e68c9', '9d6d9620-af95-57de-a89e-abddb9422a70', 'assets/place/placeholder.jpg', 2),
  ('a932cc1d-fcc9-5019-b487-a8bf5c10f715', '9d6d9620-af95-57de-a89e-abddb9422a70', 'assets/place/placeholder.jpg', 3),
  ('5c09729f-02ef-5154-b720-5faa37f97c3f', '9d6d9620-af95-57de-a89e-abddb9422a70', 'assets/place/placeholder.jpg', 4),
  ('fd1eb825-e9e4-5a92-8318-60d94b483d14', '3efdc408-ebb7-5be4-8426-0950a707d497', 'assets/place/placeholder.jpg', 0),
  ('27580bc9-6079-517b-ad03-fc09b8b0515b', '3efdc408-ebb7-5be4-8426-0950a707d497', 'assets/place/placeholder.jpg', 1),
  ('7f47b91d-1977-56eb-9b99-c2b97507f73d', '3efdc408-ebb7-5be4-8426-0950a707d497', 'assets/place/placeholder.jpg', 2),
  ('0149d43e-b4eb-5dec-9f42-2d1676bc0980', '3efdc408-ebb7-5be4-8426-0950a707d497', 'assets/place/placeholder.jpg', 3),
  ('dd7bfc68-e858-5998-ad2b-2d99d369b408', '3efdc408-ebb7-5be4-8426-0950a707d497', 'assets/place/placeholder.jpg', 4),
  ('1ad4af5f-36c0-5091-bfcf-acbece1a1cc0', '3626cb8c-e24d-5e9b-90a8-8d420b8223f1', 'assets/place/placeholder.jpg', 0),
  ('dd4f1165-0c1f-5512-95bd-aad9d73f46c8', '3626cb8c-e24d-5e9b-90a8-8d420b8223f1', 'assets/place/placeholder.jpg', 1),
  ('1a63283a-58d2-5d61-b9eb-4bd9b0ee906a', '3626cb8c-e24d-5e9b-90a8-8d420b8223f1', 'assets/place/placeholder.jpg', 2),
  ('1fcbc08f-741e-5dd8-b75a-e3d2bd7fbe29', '3626cb8c-e24d-5e9b-90a8-8d420b8223f1', 'assets/place/placeholder.jpg', 3),
  ('c04e27ef-0512-5493-bb74-df906b7cf904', '3626cb8c-e24d-5e9b-90a8-8d420b8223f1', 'assets/place/placeholder.jpg', 4),
  ('7a4d4ed3-ed8a-573f-93ba-7dcb368ef542', 'da419ee4-f824-53e4-a1e3-fdf7f4a5d043', 'assets/place/gjipebe/gjipebe1.png', 0),
  ('671ce549-8e82-5a82-8c4e-d7008fe42c03', 'da419ee4-f824-53e4-a1e3-fdf7f4a5d043', 'assets/place/gjipebe/gjipebe2.png', 1),
  ('20af43ed-cd35-5e88-9d12-0e8890b10039', 'da419ee4-f824-53e4-a1e3-fdf7f4a5d043', 'assets/place/gjipebe/gjipebe3.png', 2),
  ('8d547a1d-294b-501a-b8a4-385c5ec3383e', 'da419ee4-f824-53e4-a1e3-fdf7f4a5d043', 'assets/place/gjipebe/gjipebe4.png', 3),
  ('dbba8926-7831-5f8d-ac36-716af95d0c32', 'da419ee4-f824-53e4-a1e3-fdf7f4a5d043', 'assets/place/gjipebe/gjipebe5.png', 4),
  ('aed753f5-084d-541c-8c88-1afe66993b9d', 'cc94dbe9-fa13-553b-96ef-5b0f5e2f4b88', 'assets/place/placeholder.jpg', 0),
  ('af055280-0dcc-58b9-8a72-c69e10d26382', 'cc94dbe9-fa13-553b-96ef-5b0f5e2f4b88', 'assets/place/placeholder.jpg', 1),
  ('09aa7137-7d00-56b3-9677-2d935b732213', 'cc94dbe9-fa13-553b-96ef-5b0f5e2f4b88', 'assets/place/placeholder.jpg', 2),
  ('d4f01861-cb45-5b37-ac45-b43bbd4d491a', 'cc94dbe9-fa13-553b-96ef-5b0f5e2f4b88', 'assets/place/placeholder.jpg', 3),
  ('3453e5cc-4e44-5a31-b506-bcd366ec4759', 'cc94dbe9-fa13-553b-96ef-5b0f5e2f4b88', 'assets/place/placeholder.jpg', 4),
  ('1585bb74-b6f3-5445-b92d-cbdab27a191c', 'f6c69e66-ca62-539a-be81-b2bd42d326af', 'assets/place/placeholder.jpg', 0),
  ('0bef65f0-fbbd-58d9-8005-9a003b3f9d7e', 'f6c69e66-ca62-539a-be81-b2bd42d326af', 'assets/place/placeholder.jpg', 1),
  ('fb050ed9-ef80-5f5b-b23d-3ed080e54b49', 'f6c69e66-ca62-539a-be81-b2bd42d326af', 'assets/place/placeholder.jpg', 2),
  ('1da1c7d5-d8be-50e8-89c3-31d50852bcbf', 'f6c69e66-ca62-539a-be81-b2bd42d326af', 'assets/place/placeholder.jpg', 3),
  ('66b87e1d-1d77-5e58-88c7-c2140e7cc624', 'f6c69e66-ca62-539a-be81-b2bd42d326af', 'assets/place/placeholder.jpg', 4),
  ('e4b74b5c-fe26-55f1-ac93-afda4293b0a2', 'fb735bb1-ec8f-5e07-bee1-47f2e04a739b', 'assets/place/placeholder.jpg', 0),
  ('ea68f68c-b08f-58fa-901d-c2540747359a', 'fb735bb1-ec8f-5e07-bee1-47f2e04a739b', 'assets/place/placeholder.jpg', 1),
  ('c8ed6131-2fa4-5158-8f28-9bdbfbba4056', 'fb735bb1-ec8f-5e07-bee1-47f2e04a739b', 'assets/place/placeholder.jpg', 2),
  ('4b755b39-09de-5a19-a63c-990a7e4c6899', 'fb735bb1-ec8f-5e07-bee1-47f2e04a739b', 'assets/place/placeholder.jpg', 3),
  ('19a8a093-8ff3-5db0-ba01-9b087fc788e5', 'fb735bb1-ec8f-5e07-bee1-47f2e04a739b', 'assets/place/placeholder.jpg', 4)
on conflict (id) do update set place_id = excluded.place_id, image_path = excluded.image_path, sort_order = excluded.sort_order;

-- Seeded 9 categories, 17 cities, 51 places and 256 place images.
